datetime,assetID,timestamp,roll_angle,pitch_angle,accX,accY,accZ,temp
16:49:56,Sanding_WoodRoom,98443376,-87.43834686,0.619201362,0.030273438,-1.01171875,0.035400391,24.41000366
16:49:56,Sanding_WoodRoom,98548517,-87.44257355,0.617846608,0.032470703,-1.008300781,0.034423828,24.45001221
16:49:56,Sanding_WoodRoom,98653666,-87.44700623,0.616400838,0.025634766,-1.011474609,0.038330078,24.41000366
16:49:56,Sanding_WoodRoom,98758815,-87.45079041,0.61571312,0.031005859,-1.011230469,0.036621094,24.3500061
16:49:56,Sanding_WoodRoom,98863958,-87.45468903,0.614375114,0.030517578,-1.010009766,0.036376953,24.39001465
16:49:56,Sanding_WoodRoom,98969101,-87.45887756,0.614324808,0.025878906,-1.010498047,0.038574219,24.39001465
16:49:56,Sanding_WoodRoom,99074252,-87.46426392,0.612986147,0.030761719,-1.010742188,0.029785156,24.41000366
16:49:57,Sanding_WoodRoom,99179403,-87.46852112,0.612536967,0.028320313,-1.006347656,0.037353516,24.41000366
16:49:57,Sanding_WoodRoom,99284555,-87.47245789,0.610985458,0.030029297,-1.008544922,0.036376953,24.39001465
16:49:57,Sanding_WoodRoom,99389704,-87.47641754,0.60979563,0.029296875,-1.009765625,0.037353516,24.41000366
16:49:57,Sanding_WoodRoom,99494847,-87.48062134,0.608477652,0.030517578,-1.008789063,0.03515625,24.39001465
16:49:57,Sanding_WoodRoom,99599987,-87.48451233,0.607148707,0.028808594,-1.010253906,0.037109375,24.39001465
16:49:57,Sanding_WoodRoom,99705131,-87.48942566,0.6061216,0.026611328,-1.010009766,0.034423828,24.39001465
16:49:57,Sanding_WoodRoom,99810273,-87.49376678,0.604590237,0.029541016,-1.010986328,0.034423828,24.45001221
16:49:57,Sanding_WoodRoom,99915423,-87.49802399,0.604438901,0.024169922,-1.010498047,0.039550781,24.41000366
16:49:57,Sanding_WoodRoom,100020576,-87.50152588,0.603645325,0.027099609,-1.010009766,0.040283203,24.47000122
16:49:58,Sanding_WoodRoom,100125735,-87.50614166,0.605022907,0.023925781,-1.009521484,0.037597656,24.3500061
16:49:58,Sanding_WoodRoom,100230886,-87.50973511,0.604586065,0.027832031,-1.006835938,0.038574219,24.3500061
16:49:58,Sanding_WoodRoom,100336043,-87.51288605,0.603702068,0.028808594,-1.010009766,0.040283203,24.41000366
16:49:58,Sanding_WoodRoom,100441197,-87.51772308,0.604075253,0.027099609,-1.011230469,0.036376953,24.3500061
16:49:58,Sanding_WoodRoom,100546347,-87.52207947,0.60330838,0.03125,-1.010253906,0.031494141,24.39001465
16:49:58,Sanding_WoodRoom,100651481,-87.52669525,0.602500737,0.026123047,-1.008789063,0.036621094,24.41000366
16:49:58,Sanding_WoodRoom,100756646,-87.52967834,0.601297021,0.030517578,-1.010253906,0.038818359,24.39001465
16:49:58,Sanding_WoodRoom,100861808,-87.53350067,0.600398123,0.027099609,-1.010009766,0.038330078,24.39001465
16:49:58,Sanding_WoodRoom,100966971,-87.53794098,0.600149512,0.023925781,-1.009033203,0.037841797,24.39001465
16:49:58,Sanding_WoodRoom,101072122,-87.54175568,0.598492205,0.028808594,-1.009277344,0.037109375,24.32998657
16:49:59,Sanding_WoodRoom,101177275,-87.54656982,0.598417044,0.029052734,-1.010253906,0.031738281,24.45001221
16:49:59,Sanding_WoodRoom,101282435,-87.55118561,0.599172592,0.024658203,-1.009033203,0.036376953,24.39001465
16:49:59,Sanding_WoodRoom,101387593,-87.55443573,0.598982692,0.029052734,-1.011230469,0.038085938,24.39001465
16:49:59,Sanding_WoodRoom,101492756,-87.55784607,0.598124027,0.032470703,-1.010742188,0.034667969,24.41000366
16:49:59,Sanding_WoodRoom,101597923,-87.56155396,0.597423255,0.02734375,-1.011474609,0.037841797,24.39001465
16:49:59,Sanding_WoodRoom,101703075,-87.56568909,0.596690357,0.03125,-1.010009766,0.033935547,24.39001465
16:49:59,Sanding_WoodRoom,101808212,-87.57133484,0.597773194,0.023193359,-1.036132813,0.020507813,24.3500061
16:49:59,Sanding_WoodRoom,101913357,-87.56124115,0.539157093,-0.008300781,-1.014160156,0.034912109,24.39001465
16:49:59,Sanding_WoodRoom,102018515,-87.56517029,0.556225479,0.042724609,-0.966552734,0.063964844,24.3500061
16:49:59,Sanding_WoodRoom,102123686,-87.55622101,0.602124512,-0.051269531,-1.069824219,0.109863281,24.3500061
16:50:00,Sanding_WoodRoom,102228858,-87.56837463,0.612095296,-0.029052734,-1.029541016,-0.000732422,24.39001465
16:50:00,Sanding_WoodRoom,102334015,-87.55760956,0.602350831,0.072509766,-0.975341797,0.025634766,24.39001465
16:50:00,Sanding_WoodRoom,102439183,-87.56824493,0.604507029,0.017822266,-0.970214844,0.032470703,24.3500061
16:50:00,Sanding_WoodRoom,102544343,-87.57444,0.604760289,0.050048828,-1.034667969,0.047363281,24.41000366
16:50:00,Sanding_WoodRoom,102649494,-87.57376862,0.606896996,0.063232422,-1.0078125,0.031494141,24.41000366
16:50:00,Sanding_WoodRoom,102754640,-87.57972717,0.62426877,-0.031738281,-1.014892578,0.025146484,24.39001465
16:50:00,Sanding_WoodRoom,102859797,-87.57594299,0.627265453,-0.026123047,-1.048095703,0.079101563,24.3500061
16:50:00,Sanding_WoodRoom,102964963,-87.56331635,0.618131995,0.071289063,-1.011474609,0.037109375,24.41000366
16:50:00,Sanding_WoodRoom,103070122,-87.56505585,0.631537378,-0.007324219,-0.979980469,0.029052734,24.3500061
16:50:01,Sanding_WoodRoom,103175279,-87.56056213,0.620796382,0.056640625,-0.975830078,0.008056641,24.3500061
16:50:01,Sanding_WoodRoom,103280435,-87.55522156,0.636217177,0.096679688,-0.998779297,0.002197266,24.41000366
16:50:01,Sanding_WoodRoom,103385604,-87.54955292,0.624772072,0.071533203,-1.008544922,0.033447266,24.39001465
16:50:01,Sanding_WoodRoom,103490763,-87.5607605,0.635233223,-0.020751953,-0.995117188,0.016845703,24.39001465
16:50:01,Sanding_WoodRoom,103595936,-87.56385803,0.653832436,-0.029296875,-1.059326172,0.061279297,24.41000366
16:50:01,Sanding_WoodRoom,103701096,-87.53964233,0.637622356,0.110839844,-1.027099609,0.037841797,24.45001221
16:50:01,Sanding_WoodRoom,103806266,-87.52711487,0.658572614,-0.063476563,-0.989257813,0.021484375,24.39001465
16:50:01,Sanding_WoodRoom,103911439,-87.52698517,0.635938942,0.040771484,-0.976806641,0.00390625,24.3500061
16:50:01,Sanding_WoodRoom,104016593,-87.50099182,0.616464376,0.138183594,-0.986328125,0.012451172,24.3500061
16:50:01,Sanding_WoodRoom,104121756,-87.50966644,0.615755379,0.020996094,-0.983642578,0.027587891,24.39001465
16:50:02,Sanding_WoodRoom,104226929,-87.51370239,0.627521873,-0.018066406,-0.991210938,0.054931641,24.3500061
16:50:02,Sanding_WoodRoom,104332093,-87.53038788,0.661317766,-0.005371094,-1.036376953,0.040283203,24.39001465
16:50:02,Sanding_WoodRoom,104437252,-87.51443481,0.658355653,0.097900391,-1.043212891,0.033203125,24.39001465
16:50:02,Sanding_WoodRoom,104542421,-87.50534821,0.682482541,-0.048095703,-1.001953125,0.032714844,24.39001465
16:50:02,Sanding_WoodRoom,104647578,-87.51068878,0.671316266,0.013916016,-1.005615234,0.024414063,24.39001465
16:50:02,Sanding_WoodRoom,104752711,-87.46728516,0.622931659,0.180664063,-0.98828125,0,24.3500061
16:50:02,Sanding_WoodRoom,104857819,-87.47475433,0.624608874,-0.012695313,-0.981933594,0.032958984,24.39001465
16:50:02,Sanding_WoodRoom,104962984,-87.48409271,0.634518445,0.020751953,-0.9765625,0.0390625,24.3500061
16:50:02,Sanding_WoodRoom,105068115,-87.49654388,0.652400374,0.035400391,-1.029052734,0.038818359,24.3500061
16:50:03,Sanding_WoodRoom,105173269,-87.49549866,0.642953515,0.072509766,-1.041015625,0.029785156,24.3500061
16:50:03,Sanding_WoodRoom,105278424,-87.48413086,0.671067357,-0.067871094,-1.008300781,0.048828125,24.3500061
16:50:03,Sanding_WoodRoom,105383575,-87.48678589,0.653216541,0.036132813,-1.026855469,0.012207031,24.3500061
16:50:03,Sanding_WoodRoom,105488730,-87.45534515,0.613728762,0.124023438,-1.008789063,0.040527344,24.3500061
16:50:03,Sanding_WoodRoom,105593898,-87.45513916,0.622439504,-0.036865234,-0.968505859,0.024414063,24.39001465
16:50:03,Sanding_WoodRoom,105699069,-87.46417999,0.637771547,0.04296875,-0.968505859,0.001708984,24.3500061
16:50:03,Sanding_WoodRoom,105804214,-87.45804596,0.645422995,0.106933594,-1.011230469,-0.006835938,24.3500061
16:50:03,Sanding_WoodRoom,105909364,-87.45692444,0.6376791,0.077148438,-1.0234375,0.029296875,24.3500061
16:50:03,Sanding_WoodRoom,106014495,-87.45506287,0.661690354,-0.045166016,-0.997314453,0.047119141,24.3500061
16:50:03,Sanding_WoodRoom,106119665,-87.46366119,0.664430261,0.016357422,-1.047607422,0.031982422,24.3500061
16:50:04,Sanding_WoodRoom,106224823,-87.43395233,0.630779505,0.113769531,-1.023681641,0.065917969,24.3500061
16:50:04,Sanding_WoodRoom,106329983,-87.41696167,0.654081881,-0.090087891,-0.973876953,0.031494141,24.3500061
16:50:04,Sanding_WoodRoom,106435145,-87.39961243,0.648965657,0.104248047,-0.965820313,-0.020263672,24.3500061
16:50:04,Sanding_WoodRoom,106540317,-87.38108063,0.622064888,0.132568359,-0.999755859,0.001708984,24.39001465
16:50:04,Sanding_WoodRoom,106645481,-87.38956451,0.622083902,0.029785156,-1.004882813,0.037353516,24.32998657
16:50:04,Sanding_WoodRoom,106750638,-87.39213562,0.646136105,-0.024414063,-0.993408203,0.052246094,24.3500061
16:50:04,Sanding_WoodRoom,106855804,-87.40470886,0.648682594,0.022949219,-1.047851563,0.019775391,24.32998657
16:50:04,Sanding_WoodRoom,106960960,-87.39055634,0.638313115,0.080810547,-1.053710938,0.065917969,24.3500061
16:50:04,Sanding_WoodRoom,107066125,-87.37530518,0.66855824,-0.080322266,-0.991210938,0.029052734,24.3500061
16:50:05,Sanding_WoodRoom,107171286,-87.35523987,0.650667906,0.097167969,-0.978759766,-0.020019531,24.39001465
16:50:05,Sanding_WoodRoom,107276460,-87.32357788,0.60184449,0.164794922,-0.996582031,0.004394531,24.3500061
16:50:05,Sanding_WoodRoom,107381610,-87.33353424,0.603017986,0.002197266,-0.973388672,0.033935547,24.3500061
16:50:05,Sanding_WoodRoom,107486760,-87.34124756,0.626228571,-0.006591797,-0.983886719,0.046875,24.3500061
16:50:05,Sanding_WoodRoom,107591916,-87.35481262,0.632200778,0.042480469,-1.042724609,0.030029297,24.3500061
16:50:05,Sanding_WoodRoom,107697065,-87.35575867,0.633137465,0.026611328,-1.052490234,0.067382813,24.32998657
16:50:05,Sanding_WoodRoom,107802228,-87.34347534,0.676995695,-0.07421875,-1.001220703,0.020751953,24.32998657
16:50:05,Sanding_WoodRoom,107907369,-87.33185577,0.633935988,0.073730469,-0.995361328,0.004150391,24.41000366
16:50:05,Sanding_WoodRoom,108012532,-87.30561066,0.600316167,0.130126953,-1.014892578,0.038085938,24.3500061
16:50:05,Sanding_WoodRoom,108117688,-87.31241608,0.612502098,-0.018554688,-0.960693359,0.02734375,24.3500061
16:50:06,Sanding_WoodRoom,108222843,-87.32309723,0.620108545,0.006103516,-0.971679688,0.042236328,24.3500061
16:50:06,Sanding_WoodRoom,108328005,-87.33279419,0.622904301,0.061767578,-1.020996094,0.028320313,24.3500061
16:50:06,Sanding_WoodRoom,108433160,-87.32942963,0.629872262,0.043457031,-1.049072266,0.080810547,24.32998657
16:50:06,Sanding_WoodRoom,108538324,-87.32863617,0.665459096,-0.051269531,-1.005126953,-0.004150391,24.3500061
16:50:06,Sanding_WoodRoom,108643469,-87.32298279,0.644153297,0.030273438,-1.019042969,0.049804688,24.3500061
16:50:06,Sanding_WoodRoom,108748622,-87.29823303,0.604751647,0.102294922,-1.015136719,0.071777344,24.39001465
16:50:06,Sanding_WoodRoom,108853785,-87.29577637,0.6313743,-0.043945313,-0.949707031,0.024169922,24.3500061
16:50:06,Sanding_WoodRoom,108958942,-87.30181122,0.635183871,0.042724609,-0.967529297,0.020751953,24.3500061
16:50:06,Sanding_WoodRoom,109064108,-87.31093597,0.639738739,0.079589844,-0.994140625,0.014892578,24.3500061
16:50:07,Sanding_WoodRoom,109169262,-87.31064606,0.653600216,0.060058594,-1.014892578,0.053222656,24.39001465
16:50:07,Sanding_WoodRoom,109274422,-87.32400513,0.678967834,-0.013427734,-1.012695313,0.009033203,24.3500061
16:50:07,Sanding_WoodRoom,109379574,-87.32382202,0.675520778,-0.020751953,-1.046142578,0.053955078,24.39001465
16:50:07,Sanding_WoodRoom,109484739,-87.30201721,0.658648312,0.096923828,-1.047851563,0.060546875,24.39001465
16:50:07,Sanding_WoodRoom,109589908,-87.29603577,0.674781621,-0.036376953,-0.960205078,0.017333984,24.3500061
16:50:07,Sanding_WoodRoom,109695070,-87.29767609,0.674395442,0.044677734,-0.971191406,0.010009766,24.39001465
16:50:07,Sanding_WoodRoom,109800236,-87.28376007,0.664899111,0.130126953,-0.986816406,0.018554688,24.3500061
16:50:07,Sanding_WoodRoom,109905398,-87.2858963,0.665556729,0.062011719,-0.994384766,0.031494141,24.3500061
16:50:07,Sanding_WoodRoom,110010557,-87.30262756,0.681060553,-0.010498047,-1.009277344,0.012695313,24.3500061
16:50:07,Sanding_WoodRoom,110115708,-87.30670929,0.692222178,-0.028564453,-1.05859375,0.068847656,24.32998657
16:50:08,Sanding_WoodRoom,110220880,-87.29309845,0.67742002,0.068603516,-1.048339844,0.053222656,24.32998657
16:50:08,Sanding_WoodRoom,110326047,-87.28237152,0.698390186,-0.048583984,-0.977050781,0.018798828,24.3500061
16:50:08,Sanding_WoodRoom,110431215,-87.27925873,0.675372064,0.059814453,-0.982177734,0.010498047,24.3500061
16:50:08,Sanding_WoodRoom,110536376,-87.26271057,0.674903095,0.131835938,-0.990234375,-0.015136719,24.32998657
16:50:08,Sanding_WoodRoom,110641543,-87.26206207,0.67121011,0.062011719,-0.976318359,0.032470703,24.32998657
16:50:08,Sanding_WoodRoom,110746713,-87.28062439,0.682459772,-0.018798828,-0.996337891,0.012207031,24.3500061
16:50:08,Sanding_WoodRoom,110851885,-87.28598022,0.705241621,-0.030029297,-1.0625,0.066650391,24.3500061
16:50:08,Sanding_WoodRoom,110957031,-87.27281189,0.700571358,0.073730469,-1.043457031,0.051025391,24.32998657
16:50:08,Sanding_WoodRoom,111062202,-87.2586441,0.717369974,-0.067871094,-0.991943359,0.030517578,24.3500061
16:50:09,Sanding_WoodRoom,111167368,-87.2576828,0.701793432,0.045166016,-0.984619141,0.009033203,24.3500061
16:50:09,Sanding_WoodRoom,111272517,-87.22942352,0.681986153,0.145019531,-0.984130859,-0.001220703,24.32998657
16:50:09,Sanding_WoodRoom,111377679,-87.23695374,0.681446433,0.023925781,-0.971191406,0.030029297,24.3500061
16:50:09,Sanding_WoodRoom,111482851,-87.24332428,0.692087054,-0.012207031,-0.993896484,0.05859375,24.32998657
16:50:09,Sanding_WoodRoom,111588016,-87.26279449,0.732456803,-0.005126953,-1.033935547,0.042480469,24.32998657
16:50:09,Sanding_WoodRoom,111693175,-87.2544632,0.734155834,0.084472656,-1.048095703,0.034912109,24.3500061
16:50:09,Sanding_WoodRoom,111798331,-87.24525452,0.757303834,-0.052001953,-0.997802734,0.038085938,24.3500061
16:50:09,Sanding_WoodRoom,111903502,-87.252388,0.747326791,0.016601563,-1.011962891,0.022949219,24.3500061
16:50:09,Sanding_WoodRoom,112008642,-87.21215057,0.704459846,0.172363281,-0.989013672,-0.001220703,24.32998657
16:50:09,Sanding_WoodRoom,112113809,-87.21953583,0.700290084,-0.010009766,-0.970703125,0.030761719,24.32998657
16:50:10,Sanding_WoodRoom,112218976,-87.22905731,0.721717238,-0.005859375,-0.987304688,0.052734375,24.3500061
16:50:10,Sanding_WoodRoom,112324131,-87.24115753,0.738280833,0.041503906,-1.027099609,0.0390625,24.32998657
16:50:10,Sanding_WoodRoom,112429274,-87.24126434,0.72886616,0.062744141,-1.034667969,0.034423828,24.32998657
16:50:10,Sanding_WoodRoom,112534431,-87.23062897,0.755198181,-0.065429688,-1.007324219,0.051025391,24.3500061
16:50:10,Sanding_WoodRoom,112639588,-87.22892761,0.73788619,0.053710938,-1.022705078,0.011474609,24.3500061
16:50:10,Sanding_WoodRoom,112744738,-87.20292664,0.703585625,0.110107422,-1.007568359,0.049560547,24.3500061
16:50:10,Sanding_WoodRoom,112849898,-87.20116425,0.715353847,-0.041992188,-0.969482422,0.035888672,24.32998657
16:50:10,Sanding_WoodRoom,112955074,-87.21060181,0.732755005,0.032958984,-0.987792969,0.033203125,24.3500061
16:50:10,Sanding_WoodRoom,113060229,-87.21768188,0.755615175,0.071044922,-1.020019531,0.008544922,24.32998657
16:50:11,Sanding_WoodRoom,113165380,-87.21401215,0.747779369,0.078369141,-1.020996094,0.027832031,24.3500061
16:50:11,Sanding_WoodRoom,113270531,-87.21112061,0.770135581,-0.052490234,-0.998535156,0.046630859,24.32998657
16:50:11,Sanding_WoodRoom,113375703,-87.21749878,0.767751932,0.019287109,-1.049316406,0.036865234,24.32998657
16:50:11,Sanding_WoodRoom,113480863,-87.19134521,0.736460268,0.100097656,-1.019042969,0.063476563,24.32998657
16:50:11,Sanding_WoodRoom,113586025,-87.17679596,0.758708417,-0.087402344,-0.970214844,0.035400391,24.32998657
16:50:11,Sanding_WoodRoom,113691190,-87.16889191,0.755890548,0.084228516,-0.977294922,0.004394531,24.3500061
16:50:11,Sanding_WoodRoom,113796346,-87.16547394,0.747194409,0.094238281,-1.002197266,0.011474609,24.32998657
16:50:11,Sanding_WoodRoom,113901494,-87.17018127,0.741095126,0.044189453,-1.004882813,0.036376953,24.32998657
16:50:11,Sanding_WoodRoom,114006651,-87.17525482,0.76274389,-0.023925781,-0.990966797,0.048828125,24.32998657
16:50:11,Sanding_WoodRoom,114111815,-87.18791199,0.763434172,0.026123047,-1.046386719,0.022949219,24.39001465
16:50:12,Sanding_WoodRoom,114216985,-87.17084503,0.75395143,0.064208984,-1.039794922,0.074707031,24.39001465
16:50:12,Sanding_WoodRoom,114322141,-87.15830231,0.781080604,-0.083007813,-0.983154297,0.034179688,24.3500061
16:50:12,Sanding_WoodRoom,114427309,-87.14333344,0.765905023,0.093994141,-0.979736328,-0.013671875,24.32998657
16:50:12,Sanding_WoodRoom,114532468,-87.12237549,0.741515577,0.140136719,-1.002441406,0.002197266,24.32998657
16:50:12,Sanding_WoodRoom,114637618,-87.13262177,0.739155054,0.007080078,-0.978759766,0.033203125,24.3500061
16:50:12,Sanding_WoodRoom,114742777,-87.13925171,0.75903368,-0.010009766,-0.990234375,0.051513672,24.3500061
16:50:12,Sanding_WoodRoom,114847933,-87.15836334,0.767066658,0.023193359,-1.051269531,0.024658203,24.32998657
16:50:12,Sanding_WoodRoom,114953084,-87.15110016,0.76343739,0.020507813,-1.036865234,0.079833984,24.3500061
16:50:12,Sanding_WoodRoom,115058234,-87.14548492,0.798819482,-0.060546875,-0.994384766,0.023681641,24.3500061
16:50:13,Sanding_WoodRoom,115163401,-87.13604736,0.759015799,0.07421875,-0.997070313,0.020019531,24.39001465
16:50:13,Sanding_WoodRoom,115268565,-87.120224,0.730673134,0.106933594,-1.003173828,0.031982422,24.32998657
16:50:13,Sanding_WoodRoom,115373709,-87.12904358,0.736405909,-0.000976563,-0.975341797,0.032958984,24.32998657
16:50:13,Sanding_WoodRoom,115478871,-87.14031982,0.741894126,0.010498047,-0.983398438,0.041748047,24.32998657
16:50:13,Sanding_WoodRoom,115584038,-87.15641022,0.754862368,0.031982422,-1.03515625,0.029296875,24.32998657
16:50:13,Sanding_WoodRoom,115794312,-87.14989471,0.783862174,-0.05078125,-0.995605469,0.005859375,24.32998657
16:50:13,Sanding_WoodRoom,115899467,-87.14586639,0.758334041,0.053955078,-1.016113281,0.036621094,24.32998657
16:50:13,Sanding_WoodRoom,116004624,-87.12955475,0.723456442,0.088623047,-1.012695313,0.061035156,24.32998657
16:50:13,Sanding_WoodRoom,116109789,-87.12866974,0.740949929,-0.046875,-0.950683594,0.033447266,24.32998657
16:50:14,Sanding_WoodRoom,116214948,-87.13368225,0.742008269,0.044189453,-0.975097656,0.035888672,24.3500061
16:50:14,Sanding_WoodRoom,116320106,-87.14331818,0.746202767,0.063232422,-1.004394531,0.024902344,24.32998657
16:50:14,Sanding_WoodRoom,116425258,-87.14202118,0.761749208,0.047119141,-1.007568359,0.056640625,24.32998657
16:50:14,Sanding_WoodRoom,116530410,-87.1545105,0.779291928,-0.012939453,-1.011474609,0.017578125,24.32998657
16:50:14,Sanding_WoodRoom,116635558,-87.16091156,0.776616871,-0.010986328,-1.041748047,0.041015625,24.32998657
16:50:14,Sanding_WoodRoom,116740715,-87.14271545,0.761500299,0.094238281,-1.038818359,0.056152344,24.32998657
16:50:14,Sanding_WoodRoom,116845878,-87.14694977,0.77584666,-0.022705078,-0.968994141,0.008300781,24.32998657
16:50:14,Sanding_WoodRoom,116951035,-87.14810944,0.771279454,0.040039063,-0.976074219,0.027099609,24.32998657
16:50:14,Sanding_WoodRoom,117056202,-87.13454437,0.758491635,0.122558594,-0.990722656,0.020263672,24.3500061
16:50:15,Sanding_WoodRoom,117161362,-87.13674164,0.752771258,0.047851563,-0.986083984,0.035400391,24.32998657
16:50:15,Sanding_WoodRoom,117266534,-87.15088654,0.760398984,-0.023193359,-1.010009766,0.022216797,24.32998657
16:50:15,Sanding_WoodRoom,117371685,-87.15910339,0.774500787,-0.026611328,-1.045898438,0.060791016,24.32998657
16:50:15,Sanding_WoodRoom,117476852,-87.14968109,0.764200687,0.079345703,-1.044433594,0.041259766,24.3500061
16:50:15,Sanding_WoodRoom,117582021,-87.14485168,0.781671047,-0.040039063,-0.997558594,0.023681641,24.3500061
16:50:15,Sanding_WoodRoom,117687180,-87.14467621,0.758007348,0.03515625,-0.987304688,0.033203125,24.32998657
16:50:15,Sanding_WoodRoom,117792333,-87.11170959,0.728772283,0.167724609,-0.998046875,-0.001953125,24.32998657
16:50:15,Sanding_WoodRoom,117897485,-87.11898804,0.726504266,0.020996094,-0.984863281,0.035888672,24.32998657
16:50:15,Sanding_WoodRoom,118002655,-87.13215637,0.747637391,-0.024414063,-0.993164063,0.041992188,24.32998657
16:50:15,Sanding_WoodRoom,118107833,-87.14352417,0.758801997,0.048339844,-1.017578125,0.022949219,24.32998657
16:50:16,Sanding_WoodRoom,118212990,-87.13196564,0.725057602,0.110351563,-1.045410156,0.027099609,24.29000854
16:50:16,Sanding_WoodRoom,118318146,-87.13132477,0.747219861,-0.052734375,-1.016357422,0.021240234,24.32998657
16:50:16,Sanding_WoodRoom,118423300,-87.13134003,0.748165309,-0.003173828,-1.015625,0.051269531,24.32998657
16:50:16,Sanding_WoodRoom,118528434,-87.10132599,0.695575297,0.131835938,-1.018798828,0.056640625,24.29000854
16:50:16,Sanding_WoodRoom,118633598,-87.09696198,0.714388132,-0.057617188,-0.993408203,0.049316406,24.3500061
16:50:16,Sanding_WoodRoom,118738765,-87.1053772,0.719029546,0.041748047,-0.976318359,0.009033203,24.32998657
16:50:16,Sanding_WoodRoom,118843927,-87.09635162,0.709333539,0.109130859,-0.996826172,0.010742188,24.32998657
16:50:16,Sanding_WoodRoom,118949093,-87.10300446,0.695261538,0.05078125,-1.038330078,0.048095703,24.32998657
16:50:16,Sanding_WoodRoom,119054239,-87.11620331,0.719667017,-0.020751953,-1.016845703,0.030517578,24.32998657
16:50:17,Sanding_WoodRoom,119159392,-87.12578583,0.724512041,-0.026855469,-1.039794922,0.040283203,24.32998657
16:50:17,Sanding_WoodRoom,119264558,-87.11075592,0.699840128,0.081787109,-1.060791016,0.074951172,24.3500061
16:50:17,Sanding_WoodRoom,119369723,-87.11042786,0.729488671,-0.046875,-1.020996094,0.033203125,24.32998657
16:50:17,Sanding_WoodRoom,119474873,-87.09932709,0.701531649,0.080078125,-0.987792969,-0.020996094,24.32998657
16:50:17,Sanding_WoodRoom,119580042,-87.07813263,0.655996799,0.120117188,-0.992919922,0.036865234,24.32998657
16:50:17,Sanding_WoodRoom,119685209,-87.09043121,0.655863404,-0.010742188,-0.980224609,0.048095703,24.3500061
16:50:17,Sanding_WoodRoom,119790371,-87.10311127,0.660800278,0.033935547,-0.997070313,0.021728516,24.32998657
16:50:17,Sanding_WoodRoom,119895540,-87.11508179,0.684948981,-0.025390625,-1.016845703,0.052001953,24.32998657
16:50:17,Sanding_WoodRoom,120000699,-87.11216736,0.678281128,0.061035156,-1.037597656,0.067626953,24.3500061
16:50:17,Sanding_WoodRoom,120105862,-87.11999512,0.689580262,0.019287109,-1.040771484,0.022460938,24.32998657
16:50:18,Sanding_WoodRoom,120211021,-87.12392426,0.685031652,-0.026611328,-1.048339844,0.051269531,24.32998657
16:50:18,Sanding_WoodRoom,120316185,-87.10743713,0.673929513,0.054931641,-1.009033203,0.072998047,24.32998657
16:50:18,Sanding_WoodRoom,120421343,-87.11443329,0.683524549,-0.004882813,-0.993896484,0.030273438,24.32998657
16:50:18,Sanding_WoodRoom,120526506,-87.11964417,0.673432231,0.041259766,-0.99609375,0.020751953,24.3500061
16:50:18,Sanding_WoodRoom,120631660,-87.11408997,0.687045217,0.075195313,-0.987060547,0.029296875,24.29000854
16:50:18,Sanding_WoodRoom,120736834,-87.11906433,0.670999408,0.052001953,-0.985595703,0.028076172,24.26998901
16:50:18,Sanding_WoodRoom,120842011,-87.12757111,0.679387987,-0.026611328,-1.013671875,0.048828125,24.32998657
16:50:18,Sanding_WoodRoom,120947165,-87.14530182,0.703154504,-0.014892578,-1.045654297,0.031982422,24.32998657
16:50:18,Sanding_WoodRoom,121052324,-87.13650513,0.690126181,0.070800781,-1.0234375,0.038574219,24.29000854
16:50:19,Sanding_WoodRoom,121157466,-87.12778473,0.700319588,-0.054931641,-1.007568359,0.049316406,24.32998657
16:50:19,Sanding_WoodRoom,121262623,-87.12628174,0.689065576,0.040527344,-1.019042969,0.03515625,24.32998657
16:50:19,Sanding_WoodRoom,121367780,-87.10514069,0.66167593,0.099121094,-0.998779297,0.036376953,24.29000854
16:50:19,Sanding_WoodRoom,121472947,-87.1072464,0.668411434,-0.038085938,-0.971191406,0.037109375,24.29000854
16:50:19,Sanding_WoodRoom,121578104,-87.11469269,0.686996937,0.032958984,-0.989746094,0.041748047,24.29000854
16:50:19,Sanding_WoodRoom,121683273,-87.10946655,0.683776796,0.101074219,-1.010253906,0.012939453,24.32998657
16:50:19,Sanding_WoodRoom,121788423,-87.11351013,0.675229132,0.053466797,-1.021484375,0.035644531,24.32998657
16:50:19,Sanding_WoodRoom,121893572,-87.111763,0.699648678,-0.043457031,-0.998779297,0.055664063,24.3500061
16:50:19,Sanding_WoodRoom,121998726,-87.12527466,0.701197803,0.009765625,-1.051513672,0.028808594,24.32998657
16:50:19,Sanding_WoodRoom,122103887,-87.10948944,0.680629015,0.098632813,-1.040039063,0.059814453,24.32998657
16:50:20,Sanding_WoodRoom,122209047,-87.09806824,0.720974863,-0.083496094,-0.990966797,0.032714844,24.32998657
16:50:20,Sanding_WoodRoom,122314213,-87.07846069,0.681575775,0.104980469,-0.977050781,-0.021972656,24.32998657
16:50:20,Sanding_WoodRoom,122419385,-87.05869293,0.642556071,0.112304688,-0.994628906,0.060058594,24.32998657
16:50:20,Sanding_WoodRoom,122524549,-87.0684967,0.65371263,-0.021240234,-0.989257813,0.04296875,24.3500061
16:50:20,Sanding_WoodRoom,122629691,-87.07820892,0.663970351,0.016113281,-0.982177734,0.038818359,24.32998657
16:50:20,Sanding_WoodRoom,122734856,-87.10279083,0.664946556,0.014404297,-1.015625,0.021972656,24.32998657
16:50:20,Sanding_WoodRoom,122839996,-87.09780884,0.661840796,0.080566406,-1.029541016,0.053710938,24.32998657
16:50:20,Sanding_WoodRoom,122945157,-87.11172485,0.678873897,-0.002441406,-1.018554688,0.008300781,24.29000854
16:50:20,Sanding_WoodRoom,123050307,-87.11536407,0.674587429,-0.036132813,-1.03125,0.043701172,24.29000854
16:50:21,Sanding_WoodRoom,123155449,-87.09228516,0.654512823,0.101806641,-1.018066406,0.072265625,24.32998657
16:50:21,Sanding_WoodRoom,123260600,-87.10914612,0.667677045,-0.0078125,-1.012939453,0.005615234,24.32998657
16:50:21,Sanding_WoodRoom,123365740,-87.11392975,0.662209749,0.028076172,-0.984863281,0.035400391,24.32998657
16:50:21,Sanding_WoodRoom,123470911,-87.10282135,0.646080494,0.096435547,-0.998535156,0.020996094,24.29000854
16:50:21,Sanding_WoodRoom,123576081,-87.10377502,0.618075311,0.061523438,-0.994628906,0.026123047,24.32998657
16:50:21,Sanding_WoodRoom,123681249,-87.11087799,0.628256738,-0.021484375,-1.020996094,0.0546875,24.32998657
16:50:21,Sanding_WoodRoom,123786391,-87.13295746,0.655382335,-0.002929688,-1.032470703,0.019775391,24.29000854
16:50:21,Sanding_WoodRoom,123891544,-87.12420654,0.639169037,0.078857422,-1.019287109,0.050537109,24.23001099
16:50:21,Sanding_WoodRoom,123996703,-87.12849426,0.658563375,-0.046142578,-1.032714844,0.028320313,24.29000854
16:50:21,Sanding_WoodRoom,124101870,-87.13594055,0.657344162,0.002197266,-1.025390625,0.036621094,24.29000854
16:50:22,Sanding_WoodRoom,124207019,-87.11549377,0.627092719,0.074462891,-1.022949219,0.064941406,24.29000854
16:50:22,Sanding_WoodRoom,124312176,-87.11116028,0.641998887,-0.063720703,-0.987548828,0.040771484,24.32998657
16:50:22,Sanding_WoodRoom,124417342,-87.1082077,0.642920494,0.070800781,-0.990478516,0.013183594,24.29000854
16:50:22,Sanding_WoodRoom,124522501,-87.09445953,0.631548524,0.123291016,-1.006835938,-0.000732422,24.32998657
16:50:22,Sanding_WoodRoom,124627652,-87.09796906,0.629800379,0.010253906,-0.990722656,0.0625,24.29000854
16:50:22,Sanding_WoodRoom,124732793,-87.10598755,0.656295955,-0.025634766,-0.995361328,0.051757813,24.32998657
16:50:22,Sanding_WoodRoom,124837963,-87.12192535,0.668165565,0.017333984,-1.041015625,0.038574219,24.29000854
16:50:22,Sanding_WoodRoom,124943117,-87.11769867,0.66449672,0.028808594,-1.035400391,0.069580078,24.29000854
16:50:22,Sanding_WoodRoom,125048274,-87.11175537,0.698467791,-0.065185547,-0.983154297,0.012207031,24.32998657
16:50:23,Sanding_WoodRoom,125153442,-87.10238647,0.659739494,0.078369141,-1.009033203,0.022705078,24.29000854
16:50:23,Sanding_WoodRoom,125258595,-87.08718109,0.627322614,0.093505859,-1.012939453,0.049316406,24.32998657
16:50:23,Sanding_WoodRoom,125363754,-87.08963013,0.648857117,-0.036621094,-0.950195313,0.036132813,24.32998657
16:50:23,Sanding_WoodRoom,125468924,-87.09978485,0.648937404,0.034423828,-0.984619141,0.035644531,24.26998901
16:50:23,Sanding_WoodRoom,125574080,-87.121521,0.673138559,0.017578125,-1.0234375,0.035644531,24.32998657
16:50:23,Sanding_WoodRoom,125679214,-87.11824799,0.684670985,0.029785156,-1.030761719,0.074462891,24.29000854
16:50:23,Sanding_WoodRoom,125784375,-87.12392426,0.707621396,-0.032470703,-1.002441406,-0.000976563,24.23001099
16:50:23,Sanding_WoodRoom,125889519,-87.11956787,0.688763559,0.031494141,-1.025390625,0.053222656,24.29000854
16:50:23,Sanding_WoodRoom,125994677,-87.09783936,0.654371023,0.106689453,-1.008789063,0.037841797,24.26998901
16:50:23,Sanding_WoodRoom,126099835,-87.096138,0.672403812,-0.045410156,-0.944580078,0.033935547,24.26998901
16:50:24,Sanding_WoodRoom,126204997,-87.10933685,0.683137715,0.031738281,-0.983886719,0.013916016,24.26998901
16:50:24,Sanding_WoodRoom,126310154,-87.12728119,0.709231317,0.029052734,-1.018310547,0.043945313,24.29000854
16:50:24,Sanding_WoodRoom,126415317,-87.13043213,0.714895368,0.038330078,-1.010253906,0.052001953,24.29000854
16:50:24,Sanding_WoodRoom,126520469,-87.13897705,0.736481607,-0.021972656,-1.023681641,0.026123047,24.32998657
16:50:24,Sanding_WoodRoom,126625631,-87.1354599,0.72321409,0.006835938,-1.028808594,0.064941406,24.32998657
16:50:24,Sanding_WoodRoom,126730778,-87.12052917,0.704514444,0.071044922,-1.018554688,0.053955078,24.29000854
16:50:24,Sanding_WoodRoom,126835935,-87.12216187,0.722609878,-0.02734375,-0.95703125,0.023193359,24.29000854
16:50:24,Sanding_WoodRoom,126941090,-87.13166046,0.717517972,0.033203125,-0.985595703,0.022949219,24.32998657
16:50:24,Sanding_WoodRoom,127046255,-87.13635254,0.7384004,0.062011719,-1.002197266,0.042480469,24.23001099
16:50:25,Sanding_WoodRoom,127151401,-87.13738251,0.73293525,0.048583984,-0.998535156,0.044189453,24.29000854
16:50:25,Sanding_WoodRoom,127256566,-87.15364075,0.741504669,-0.010742188,-1.018310547,0.009521484,24.26998901
16:50:25,Sanding_WoodRoom,127361726,-87.15677643,0.749328196,-0.022949219,-1.060058594,0.064453125,24.26998901
16:50:25,Sanding_WoodRoom,127466893,-87.14555359,0.730163753,0.055175781,-1.014404297,0.053222656,24.29000854
16:50:25,Sanding_WoodRoom,127572051,-87.13796997,0.753673017,-0.055664063,-0.966064453,0.026855469,24.26998901
16:50:25,Sanding_WoodRoom,127677219,-87.13539886,0.738626719,0.073974609,-0.995605469,0.006591797,24.29000854
16:50:25,Sanding_WoodRoom,127782384,-87.13684082,0.763209164,0.075439453,-0.988769531,0.013183594,24.32998657
16:50:25,Sanding_WoodRoom,127887551,-87.1414566,0.75954473,0.04296875,-0.983886719,0.031494141,24.26998901
16:50:25,Sanding_WoodRoom,127992697,-87.15740204,0.764125884,-0.010253906,-1.016357422,0.029785156,24.26998901
16:50:25,Sanding_WoodRoom,128097860,-87.16326904,0.783395231,-0.038818359,-1.057861328,0.050048828,24.26998901
16:50:26,Sanding_WoodRoom,128203028,-87.1486969,0.774256647,0.075927734,-1.031738281,0.043701172,24.29000854
16:50:26,Sanding_WoodRoom,128308181,-87.1424408,0.787512243,-0.056884766,-0.987060547,0.026855469,24.29000854
16:50:26,Sanding_WoodRoom,128413350,-87.14654541,0.778633177,0.044433594,-0.996337891,0.013916016,24.26998901
16:50:26,Sanding_WoodRoom,128518514,-87.1272049,0.77412194,0.119873047,-0.989990234,0.014404297,24.26998901
16:50:26,Sanding_WoodRoom,128623670,-87.13887787,0.768341482,-0.001220703,-0.973632813,0.030273438,24.32998657
16:50:26,Sanding_WoodRoom,128728835,-87.14427185,0.780674219,-0.025634766,-1.010986328,0.057373047,24.26998901
16:50:26,Sanding_WoodRoom,128833994,-87.15882111,0.812089682,-0.028076172,-1.040527344,0.045166016,24.32998657
16:50:26,Sanding_WoodRoom,128939151,-87.15452576,0.81334579,0.043701172,-1.024658203,0.052001953,24.32998657
16:50:26,Sanding_WoodRoom,129044303,-87.14754486,0.83321619,-0.047607422,-1.005859375,0.046875,24.26998901
16:50:27,Sanding_WoodRoom,129149427,-87.15188599,0.820777357,0.041503906,-1.009277344,0.015380859,24.20999146
16:50:27,Sanding_WoodRoom,129254582,-87.1277771,0.816521645,0.118164063,-0.991943359,0.029541016,24.29000854
16:50:27,Sanding_WoodRoom,129359754,-87.13592529,0.812064588,-0.016601563,-0.970214844,0.031494141,24.23001099
16:50:27,Sanding_WoodRoom,129464922,-87.14341736,0.836308599,-0.010742188,-0.997802734,0.065673828,24.29000854
16:50:27,Sanding_WoodRoom,129570089,-87.15936279,0.86148876,0.0078125,-1.042236328,0.038330078,24.32998657
16:50:27,Sanding_WoodRoom,129675229,-87.15514374,0.851707399,0.066650391,-1.020751953,0.032470703,24.32998657
16:50:27,Sanding_WoodRoom,129780389,-87.14903259,0.876452327,-0.064208984,-1.021240234,0.05078125,24.23001099
16:50:27,Sanding_WoodRoom,129885537,-87.14980316,0.854172111,0.043457031,-1.050292969,0.026367188,24.23001099
16:50:27,Sanding_WoodRoom,129990686,-87.11873627,0.810481429,0.119384766,-1.018554688,0.04296875,24.26998901
16:50:27,Sanding_WoodRoom,130095846,-87.12664032,0.82251209,-0.019775391,-1.004882813,0.021484375,24.20999146
16:50:28,Sanding_WoodRoom,130200992,-87.13582611,0.822940886,0.019775391,-1.040283203,0.046630859,24.29000854
16:50:28,Sanding_WoodRoom,130306152,-87.12239075,0.801255584,0.110107422,-1.000488281,0.047119141,24.29000854
16:50:28,Sanding_WoodRoom,130411309,-87.11778259,0.82467109,-0.073242188,-1.008789063,0.039794922,24.29000854
16:50:28,Sanding_WoodRoom,130516469,-87.12549591,0.823065639,0.056396484,-1.002929688,0.041259766,24.23001099
16:50:28,Sanding_WoodRoom,130621626,-87.1040802,0.784016907,0.088867188,-1.012207031,0.030273438,24.29000854
16:50:28,Sanding_WoodRoom,130726786,-87.09062958,0.760415733,0.09765625,-0.956787109,-0.011230469,24.26998901
16:50:28,Sanding_WoodRoom,130831941,-87.10186005,0.762831986,0.006347656,-0.993408203,0.069824219,24.23001099
16:50:28,Sanding_WoodRoom,130937104,-87.10887146,0.796918333,-0.026855469,-1.037841797,0.053710938,24.23001099
16:50:28,Sanding_WoodRoom,131042267,-87.11499023,0.792759359,0.056396484,-1.015625,0.043457031,24.26998901
16:50:29,Sanding_WoodRoom,131147408,-87.12572479,0.801860034,0.013916016,-1.024658203,0.028564453,24.29000854
16:50:29,Sanding_WoodRoom,131252566,-87.12665558,0.789533675,0.040527344,-0.971923828,0.010498047,24.29000854
16:50:29,Sanding_WoodRoom,131357735,-87.12036896,0.779188991,0.067626953,-0.975585938,0.061523438,24.29000854
16:50:29,Sanding_WoodRoom,131462905,-87.14044189,0.790379107,0.024658203,-1.006347656,0.008056641,24.26998901
16:50:29,Sanding_WoodRoom,131568049,-87.1460495,0.788910091,0.039306641,-0.998291016,0.032714844,24.23001099
16:50:29,Sanding_WoodRoom,131673204,-87.15618896,0.794827938,0.026123047,-1.040527344,0.037597656,24.26998901
16:50:29,Sanding_WoodRoom,131778363,-87.14772797,0.775373816,0.078369141,-0.968017578,0.033691406,24.29000854
16:50:29,Sanding_WoodRoom,131883527,-87.1714859,0.785851181,-0.004150391,-1.038818359,0.009765625,24.23001099
16:50:29,Sanding_WoodRoom,131988673,-87.16101837,0.772130728,0.035400391,-1.016113281,0.059814453,24.29000854
16:50:29,Sanding_WoodRoom,132093830,-87.15604401,0.760681093,0.077880859,-0.969238281,0.007568359,24.23001099
16:50:30,Sanding_WoodRoom,132198997,-87.16956329,0.766088486,0.0234375,-0.989990234,0.022949219,24.20999146
16:50:30,Sanding_WoodRoom,132304150,-87.17125702,0.764948964,0.036132813,-0.977539063,0.058105469,24.20999146
16:50:30,Sanding_WoodRoom,132409314,-87.18177032,0.76672411,0.02734375,-1.029541016,0.033935547,24.20999146
16:50:30,Sanding_WoodRoom,132514466,-87.19554901,0.772428513,0.031494141,-0.991210938,0.024414063,24.26998901
16:50:30,Sanding_WoodRoom,132619633,-87.20843506,0.778148234,0.010009766,-1.013183594,0.029052734,24.20999146
16:50:30,Sanding_WoodRoom,132724787,-87.21111298,0.773786902,-0.000976563,-0.978271484,0.047607422,24.29000854
16:50:30,Sanding_WoodRoom,132829955,-87.21694946,0.777299523,0.027099609,-0.971435547,0.045410156,24.23001099
16:50:30,Sanding_WoodRoom,132935120,-87.21282196,0.771219194,0.076171875,-0.984375,0.014404297,24.29000854
16:50:30,Sanding_WoodRoom,133040262,-87.21790314,0.773167014,0.011962891,-1.056884766,0.039550781,24.23001099
16:50:31,Sanding_WoodRoom,133145419,-87.21694946,0.768528342,0.069091797,-0.982910156,0.016601563,24.29000854
16:50:31,Sanding_WoodRoom,133250586,-87.23509979,0.776285648,0.026855469,-1.049316406,0.020507813,24.23001099
16:50:31,Sanding_WoodRoom,133355756,-87.22911072,0.77716881,-0.019042969,-1.023193359,0.063232422,24.23001099
16:50:31,Sanding_WoodRoom,133460910,-87.21939087,0.763065219,0.072509766,-0.972167969,0.004638672,24.23001099
16:50:31,Sanding_WoodRoom,133566078,-87.22208405,0.755755603,0.038574219,-0.9921875,0.028320313,24.23001099
16:50:31,Sanding_WoodRoom,133671229,-87.23005676,0.755569994,0.027099609,-0.989501953,0.044433594,24.23001099
16:50:31,Sanding_WoodRoom,133776392,-87.23496246,0.753513992,0.033447266,-1.021484375,0.047607422,24.26998901
16:50:31,Sanding_WoodRoom,133881549,-87.23603058,0.752264559,0.021240234,-1.004638672,0.047607422,24.23001099
16:50:31,Sanding_WoodRoom,133986708,-87.24726105,0.767546535,-0.025146484,-1.040527344,0.041992188,24.32998657
16:50:31,Sanding_WoodRoom,134091874,-87.21644592,0.665633559,0.073486328,-0.950927734,0.010742188,24.26998901
16:50:32,Sanding_WoodRoom,134197047,-87.16955566,0.609711111,0.133056641,-0.925292969,-0.065917969,24.26998901
16:50:32,Sanding_WoodRoom,134302220,-87.17765808,0.62184006,0.073730469,-0.952880859,-0.023193359,24.23001099
16:50:32,Sanding_WoodRoom,134407378,-87.18882751,0.634471357,0.081542969,-1.018066406,0.005859375,24.26998901
16:50:32,Sanding_WoodRoom,134512529,-87.18822479,0.633043051,0.021728516,-1.033691406,0.053222656,24.23001099
16:50:32,Sanding_WoodRoom,134617689,-87.19252014,0.633048713,0.017822266,-1.017333984,0.037841797,24.23001099
16:50:32,Sanding_WoodRoom,134722848,-87.18771362,0.623291075,0.04296875,-1.017333984,0.045898438,24.23001099
16:50:32,Sanding_WoodRoom,134827999,-87.19135284,0.619125962,0.046630859,-0.992919922,0.027832031,24.26998901
16:50:32,Sanding_WoodRoom,134933162,-87.19993591,0.62646544,-0.000732422,-0.9921875,0.035644531,24.26998901
16:50:32,Sanding_WoodRoom,135038299,-87.20462799,0.62263,0.038818359,-0.999267578,0.040039063,24.26998901
16:50:32,Sanding_WoodRoom,135143444,-87.21395874,0.62447226,0.029541016,-1.024658203,0.037841797,24.23001099
16:50:33,Sanding_WoodRoom,135248594,-87.21788788,0.624566674,0.020019531,-1.002441406,0.037109375,24.20999146
16:50:33,Sanding_WoodRoom,135353742,-87.22612762,0.629080534,0.020751953,-1.006591797,0.036376953,24.20999146
16:50:33,Sanding_WoodRoom,135458901,-87.22795868,0.624427259,0.04296875,-1.011230469,0.041015625,24.26998901
16:50:33,Sanding_WoodRoom,135564050,-87.23790741,0.626627922,0.022949219,-1.014404297,0.026855469,24.23001099
16:50:34,Sanding_WoodRoom,136194943,-87.26792145,0.618607283,0.033691406,-1.009277344,0.036865234,24.23001099
16:50:34,Sanding_WoodRoom,136300093,-87.27266693,0.617280424,0.026855469,-1.004394531,0.036132813,24.23001099
16:50:34,Sanding_WoodRoom,136405241,-87.27864838,0.617009044,0.026367188,-1.010742188,0.035888672,24.23001099
16:50:34,Sanding_WoodRoom,136510399,-87.28414154,0.615572333,0.029296875,-1.012939453,0.035400391,24.20999146
16:50:34,Sanding_WoodRoom,136615543,-87.2878418,0.612083018,0.036621094,-1.009033203,0.034667969,24.26998901
16:50:34,Sanding_WoodRoom,136720697,-87.29320526,0.61185205,0.024902344,-1.010253906,0.037841797,24.23001099
16:50:34,Sanding_WoodRoom,136825850,-87.30003357,0.612125099,0.024658203,-1.010986328,0.032470703,24.20999146
16:50:34,Sanding_WoodRoom,136931007,-87.30374146,0.609496951,0.03125,-1.010253906,0.040283203,24.23001099
16:50:34,Sanding_WoodRoom,137036138,-87.30911255,0.609549463,0.029052734,-1.010498047,0.03515625,24.26998901
16:50:34,Sanding_WoodRoom,137141285,-87.31513214,0.609737933,0.025390625,-1.011230469,0.033935547,24.20999146
16:50:35,Sanding_WoodRoom,137246442,-87.32025909,0.608550787,0.028076172,-1.008789063,0.036621094,24.29000854
16:50:35,Sanding_WoodRoom,137351595,-87.3246994,0.6066733,0.031005859,-1.009277344,0.037353516,24.23001099
16:50:35,Sanding_WoodRoom,137456735,-87.32939148,0.606258512,0.026611328,-1.010009766,0.0390625,24.23001099
16:50:35,Sanding_WoodRoom,137561883,-87.33464813,0.607141256,0.028564453,-1.010253906,0.034667969,24.26998901
16:50:35,Sanding_WoodRoom,137982495,-87.35441589,0.604818702,0.032714844,-1.009277344,0.032958984,24.23001099
16:50:35,Sanding_WoodRoom,138087651,-87.36053467,0.605398595,0.026367188,-1.010253906,0.032714844,24.20999146
16:50:36,Sanding_WoodRoom,138192809,-87.36476898,0.603871942,0.031494141,-1.008789063,0.036865234,24.29000854
16:50:36,Sanding_WoodRoom,138297961,-87.37015533,0.60374099,0.028564453,-1.010986328,0.034912109,24.23001099
16:50:36,Sanding_WoodRoom,138403105,-87.37427521,0.603132069,0.027099609,-1.009765625,0.039550781,24.20999146
16:50:36,Sanding_WoodRoom,138508251,-87.37971497,0.603644192,0.026611328,-1.009765625,0.035400391,24.20999146
16:50:36,Sanding_WoodRoom,138613403,-87.38540649,0.604313433,0.024658203,-1.009277344,0.03515625,24.23001099
16:50:36,Sanding_WoodRoom,138718549,-87.39038086,0.603834152,0.029052734,-1.009033203,0.03515625,24.23001099
16:50:36,Sanding_WoodRoom,138823698,-87.39479828,0.603047669,0.029541016,-1.011230469,0.036376953,24.20999146
16:50:36,Sanding_WoodRoom,138928860,-87.39917755,0.602175236,0.031005859,-1.009765625,0.035400391,24.23001099
16:50:36,Sanding_WoodRoom,139034008,-87.4050827,0.601803124,0.028564453,-1.010253906,0.03125,24.20999146
16:50:36,Sanding_WoodRoom,139139139,-87.40982056,0.601699531,0.027099609,-1.010986328,0.037109375,24.26998901
16:50:37,Sanding_WoodRoom,139244288,-87.41435242,0.601106644,0.029296875,-1.009765625,0.036621094,24.20999146
16:50:37,Sanding_WoodRoom,139349439,-87.41842651,0.599900186,0.031738281,-1.009521484,0.035888672,24.20999146
16:50:37,Sanding_WoodRoom,139454595,-87.42371368,0.60119009,0.024658203,-1.008300781,0.037109375,24.20999146
16:50:37,Sanding_WoodRoom,139559747,-87.42865753,0.600957692,0.025878906,-1.009277344,0.035644531,24.23001099
16:50:37,Sanding_WoodRoom,139664902,-87.43293762,0.60015142,0.028808594,-1.009765625,0.036621094,24.23001099
16:50:37,Sanding_WoodRoom,139770049,-87.43849945,0.599572837,0.026855469,-1.009765625,0.034179688,24.23001099
16:50:37,Sanding_WoodRoom,139875200,-87.44335175,0.598539174,0.028564453,-1.009277344,0.03515625,24.20999146
16:50:37,Sanding_WoodRoom,139980343,-87.44878387,0.598974526,0.026367188,-1.010742188,0.034667969,24.17001343
16:50:37,Sanding_WoodRoom,140085500,-87.45334625,0.598346293,0.030029297,-1.008544922,0.03515625,24.20999146
16:50:38,Sanding_WoodRoom,140190651,-87.4581604,0.597650051,0.023681641,-1.010986328,0.037597656,24.23001099
16:50:38,Sanding_WoodRoom,140295802,-87.46228027,0.59619379,0.030761719,-1.0078125,0.035400391,24.20999146
16:50:38,Sanding_WoodRoom,140400939,-87.46669769,0.596091509,0.028808594,-1.010986328,0.036621094,24.26998901
16:50:38,Sanding_WoodRoom,140506096,-87.47106934,0.595790982,0.031005859,-1.008544922,0.033935547,24.17001343
16:50:38,Sanding_WoodRoom,140611251,-87.4750824,0.594444931,0.030273438,-1.009277344,0.036621094,24.20999146
16:50:38,Sanding_WoodRoom,140716405,-87.48001862,0.593170583,0.028076172,-1.010498047,0.034423828,24.20999146
16:50:38,Sanding_WoodRoom,140821563,-87.48452759,0.592816532,0.028076172,-1.010742188,0.035644531,24.20999146
16:50:38,Sanding_WoodRoom,140926726,-87.48906708,0.59270817,0.029296875,-1.011230469,0.034423828,24.26998901
16:50:38,Sanding_WoodRoom,141031875,-87.49350739,0.592751682,0.028808594,-1.01171875,0.034912109,24.23001099
16:50:38,Sanding_WoodRoom,141137027,-87.49812317,0.591031194,0.02734375,-1.009521484,0.035888672,24.20999146
16:50:39,Sanding_WoodRoom,141242172,-87.50278473,0.590762973,0.028808594,-1.009765625,0.034423828,24.20999146
16:50:39,Sanding_WoodRoom,141347327,-87.50791931,0.591322124,0.025878906,-1.010253906,0.034179688,24.20999146
16:50:39,Sanding_WoodRoom,141452479,-87.5120697,0.590896904,0.030029297,-1.006347656,0.034667969,24.17001343
16:50:39,Sanding_WoodRoom,141557629,-87.51664734,0.589748204,0.028320313,-1.010253906,0.034912109,24.17001343
16:50:39,Sanding_WoodRoom,141662797,-87.52043915,0.588932991,0.028076172,-1.011474609,0.037109375,24.23001099
16:50:39,Sanding_WoodRoom,141767954,-87.52482605,0.589929223,0.02734375,-1.012451172,0.035400391,24.20999146
16:50:39,Sanding_WoodRoom,141873102,-87.52952576,0.589312553,0.028808594,-1.010986328,0.033203125,24.17001343
16:50:39,Sanding_WoodRoom,141978257,-87.5333252,0.587822616,0.030273438,-1.009765625,0.03515625,24.20999146
16:50:39,Sanding_WoodRoom,142083400,-87.53746796,0.586992979,0.028076172,-1.008544922,0.036621094,24.17001343
16:50:40,Sanding_WoodRoom,142188554,-87.54148102,0.586597323,0.029296875,-1.009521484,0.035644531,24.17001343
16:50:40,Sanding_WoodRoom,142293715,-87.54534912,0.586320996,0.029296875,-1.009033203,0.035644531,24.20999146
16:50:40,Sanding_WoodRoom,142398872,-87.54940033,0.586110055,0.028320313,-1.010498047,0.035644531,24.17001343
16:50:40,Sanding_WoodRoom,142504036,-87.55375671,0.585785389,0.025878906,-1.010498047,0.036865234,24.17001343
16:50:40,Sanding_WoodRoom,142609195,-87.5568161,0.585992098,0.026123047,-1.009765625,0.041503906,24.17001343
16:50:40,Sanding_WoodRoom,142714344,-87.55943298,0.583997667,0.035644531,-1.010009766,0.03515625,24.26998901
16:50:40,Sanding_WoodRoom,142819498,-87.56382751,0.583790302,0.025878906,-1.008544922,0.035644531,24.20999146
16:50:40,Sanding_WoodRoom,142924653,-87.56867981,0.584079027,0.027099609,-1.010253906,0.032226563,24.20999146
16:50:40,Sanding_WoodRoom,143029815,-87.57243347,0.583688378,0.029541016,-1.009765625,0.036132813,24.17001343
16:50:41,Sanding_WoodRoom,143134963,-87.57629395,0.58260572,0.025634766,-1.011230469,0.038330078,24.20999146
16:50:41,Sanding_WoodRoom,143240120,-87.57972717,0.582134306,0.030029297,-1.009521484,0.036132813,24.23001099
16:50:41,Sanding_WoodRoom,143345274,-87.58288574,0.582131922,0.029296875,-1.009765625,0.038085938,24.17001343
16:50:41,Sanding_WoodRoom,143450425,-87.58695221,0.581269264,0.029541016,-1.010253906,0.033935547,24.17001343
16:50:41,Sanding_WoodRoom,143555577,-87.59112549,0.581710339,0.025878906,-1.011962891,0.036132813,24.20999146
16:50:41,Sanding_WoodRoom,143660736,-87.59303284,0.578733981,0.035888672,-1.013916016,0.032714844,24.20999146
16:50:41,Sanding_WoodRoom,143765901,-87.59727478,0.57753545,0.025878906,-1.010253906,0.036621094,24.17001343
16:50:41,Sanding_WoodRoom,143871047,-87.60063934,0.576035976,0.029541016,-1.010986328,0.035400391,24.20999146
16:50:41,Sanding_WoodRoom,143976206,-87.60454559,0.575909555,0.030029297,-1.010253906,0.035400391,24.17001343
16:50:41,Sanding_WoodRoom,144081362,-87.60694122,0.574836731,0.030273438,-1.007568359,0.038818359,24.17001343